Title,Type,Genre,Country,Release_Year,Duration_Minutes,Rating,Views_Millions
The Silent Storm,Movie,Action,France,2022.0,115.0,TV-MA,439.43
Midnight Escape,TV Show,Thriller,UK,2010.0,103.0,PG,273.06
Crimson Horizon,Movie,Romance,France,2011.0,124.0,PG,402.01
Echoes of Tomorrow,TV Show,Comedy,France,2012.0,94.0,PG-13,282.22
Broken Silence,Movie,Drama,India,2001.0,104.0,,131.8
Shadows of the Past,TV Show,Romance,France,2000.0,89.0,TV-MA,13.26
Golden Empire,TV Show,Action,India,2016.0,130.0,R,465.5
Last Summer,TV Show,Drama,USA,2001.0,85.0,PG,405.68
,Movie,Drama,Canada,,109.0,,
City of Dreams,Movie,Action,Canada,2015.0,82.0,TV-14,120.65
Fading Lights,TV Show,Documentary,Germany,2010.0,171.0,TV-MA,85.38
Beyond the Sea,TV Show,Romance,India,2018.0,121.0,TV-14,105.0
The Final Hour,Movie,Action,Germany,2009.0,128.0,TV-MA,213.45
Lost in Time,TV Show,Comedy,Canada,2021.0,135.0,TV-14,350.12
Dark Secrets,Movie,Thriller,India,2020.0,123.0,PG-13,412.97
The Last Kingdom,Movie,Comedy,UK,2004.0,115.0,R,152.61
Burning Skies,Movie,,Germany,2009.0,180.0,PG,49.07
Frozen Memories,Movie,Documentary,Germany,2003.0,160.0,R,438.8
The Unknown Path,Movie,Romance,Canada,2001.0,106.0,PG,315.55
Chasing Destiny,TV Show,Action,Canada,2019.0,99.0,PG-13,239.53
The Forgotten War,TV Show,Action,UK,2020.0,104.0,R,205.63
Eternal Love,TV Show,Thriller,UK,2007.0,103.0,TV-14,178.56
Silent Witness,TV Show,Documentary,USA,2012.0,122.0,TV-MA,274.76
Deadly Game,Movie,Documentary,India,2013.0,60.0,PG-13,492.31
Storm Breaker,TV Show,Thriller,Germany,2014.0,79.0,,221.59
The Long Road,TV Show,Documentary,France,2008.0,124.0,PG,471.46
Sacred Lies,Movie,Documentary,Canada,2022.0,126.0,R,324.17
Winter’s Edge,TV Show,,USA,2021.0,105.0,TV-MA,355.54
Desert Fire,Movie,Action,Canada,2015.0,86.0,R,365.07
The Hidden Code,Movie,Drama,UK,2018.0,61.0,PG-13,84.49
Bloodline,Movie,Thriller,UK,2021.0,149.0,R,97.4
Infinite Night,Movie,Action,India,2004.0,146.0,TV-14,7.65
,,Documentary,France,2020.0,,TV-14,377.76
Second Chances,Movie,Drama,USA,2002.0,157.0,TV-14,368.35
Rising Phoenix,TV Show,Romance,USA,2003.0,139.0,R,
Vanished,TV Show,Drama,India,2006.0,163.0,PG,159.88
The Secret Island,Movie,Drama,Canada,2001.0,172.0,TV-14,26.63
Deep Waters,Movie,,USA,2003.0,143.0,R,333.03
Final Verdict,TV Show,Action,Canada,2017.0,139.0,PG-13,
Parallel Worlds,TV Show,Drama,France,2009.0,65.0,,362.88
Mystic River,Movie,Action,France,2004.0,84.0,TV-MA,139.98
The Iron Will,Movie,Action,USA,,88.0,TV-14,55.04
Dark Waters,TV Show,Drama,France,,107.0,TV-MA,98.71
The Last Stand,Movie,Action,USA,,120.0,TV-14,478.47
Secret Heist,TV Show,Drama,Germany,2020.0,61.0,TV-14,236.57
Galaxy Wars,Movie,Comedy,France,2020.0,175.0,TV-MA,69.39
Love & Betrayal,TV Show,Thriller,Canada,2022.0,143.0,PG,176.68
Shadow Hunter,Movie,Action,UK,2006.0,114.0,TV-14,53.3
Cold Justice,TV Show,Documentary,USA,2011.0,129.0,TV-MA,309.84
The Last Letter,Movie,Drama,USA,2010.0,94.0,PG,244.37
Dark Waters Returns,Movie,Action,India,2006.0,129.0,PG,422.39
Burning Skies III,Movie,Romance,USA,2012.0,63.0,TV-MA,307.55
Dark Secrets Chapter 2,TV Show,Drama,UK,2001.0,122.0,R,248.01
The Secret Island II,TV Show,Drama,Canada,2015.0,91.0,PG-13,400.62
The Long Road Returns,Movie,Documentary,,2019.0,71.0,TV-14,441.4
,TV Show,Drama,UK,2008.0,158.0,PG-13,412.78
,TV Show,Drama,Canada,2013.0,79.0,TV-MA,433.74
Shadows of the Past Origins,Movie,Documentary,Canada,2020.0,119.0,TV-14,135.73
Golden Empire III,,Romance,,2003.0,174.0,PG,394.46
Echoes of Tomorrow III,TV Show,Drama,USA,2016.0,175.0,R,6.78
Echoes of Tomorrow Chapter 2,TV Show,Action,Canada,2009.0,148.0,PG,160.12
Secret Heist Chapter 2,TV Show,Documentary,Canada,2012.0,72.0,PG-13,178.01
City of Dreams Reborn,Movie,Thriller,India,2005.0,105.0,,375.41
,Movie,Action,France,2022.0,169.0,PG-13,278.02
Dark Waters Reborn,TV Show,Comedy,Germany,2010.0,85.0,R,294.94
Secret Heist Reborn,TV Show,Drama,India,2003.0,143.0,TV-MA,340.2
Bloodline Reborn,Movie,Drama,USA,2017.0,176.0,PG,173.83
The Last Kingdom Returns,Movie,,Canada,2012.0,98.0,TV-14,470.97
Infinite Night Chapter 2,TV Show,Drama,France,2014.0,63.0,TV-MA,361.7
Sacred Lies Origins,Movie,Drama,USA,,100.0,PG,225.82
The Last Kingdom II,TV Show,Romance,France,2002.0,176.0,R,288.99
Dark Secrets Origins,Movie,Drama,,2009.0,88.0,TV-14,140.31
Second Chances Origins,Movie,Documentary,Germany,2009.0,,R,439.44
Storm Breaker III,TV Show,Comedy,,2000.0,,PG,133.69
The Last Kingdom III,TV Show,Documentary,Germany,2004.0,113.0,PG,228.69
Hidden Truth II,Movie,Thriller,France,2015.0,169.0,PG-13,62.21
Deadly Game Reborn,TV Show,Comedy,France,2014.0,131.0,R,120.12
Mystic River Origins,TV Show,Documentary,Germany,2002.0,112.0,R,368.23
The Hidden Code II,Movie,Action,India,2002.0,177.0,PG,252.32
Crimson Horizon II,Movie,Documentary,Canada,2022.0,,,42.12
Desert Fire II,TV Show,Romance,Germany,2007.0,132.0,R,415.78
The Final Hour Origins,TV Show,Comedy,Canada,2011.0,79.0,R,129.79
Fading Lights Returns,Movie,Thriller,India,2008.0,115.0,TV-MA,45.99
Dark Waters Returns,TV Show,Thriller,Canada,2021.0,120.0,TV-14,284.26
Broken Wings III,Movie,Action,Canada,2006.0,84.0,PG,410.65
Deep Waters Chapter 2,Movie,Drama,Canada,2020.0,78.0,PG-13,38.88
The Last Stand III,TV Show,Comedy,France,2021.0,61.0,R,388.15
,Movie,,Germany,2017.0,137.0,TV-14,387.91
Deep Waters II,,Romance,USA,2019.0,117.0,PG,332.21
The Secret Island Returns,Movie,Comedy,,2005.0,174.0,TV-MA,357.25
Frozen Memories Chapter 2,Movie,Thriller,Canada,2004.0,110.0,TV-14,165.74
Love & Betrayal Returns,TV Show,Documentary,UK,2018.0,162.0,PG-13,
Shadow Hunter III,,Romance,USA,2016.0,,PG,257.16
Eternal Love Origins,Movie,Comedy,UK,2013.0,153.0,R,219.36
Sacred Lies III,TV Show,Comedy,Canada,2018.0,124.0,TV-14,174.65
Beyond the Sea Returns,TV Show,Drama,UK,2006.0,114.0,TV-MA,493.16
Rising Phoenix Chapter 2,TV Show,Romance,Canada,2019.0,69.0,PG-13,126.22
Beyond the Sea Origins,Movie,Romance,India,2006.0,103.0,TV-14,282.8
Chasing Destiny II,,Documentary,USA,2014.0,120.0,PG-13,459.1
The Last Kingdom Returns,TV Show,Thriller,Germany,2014.0,105.0,R,403.03
Chasing Destiny Reborn,Movie,,USA,2007.0,87.0,PG,243.99
Last Summer III,Movie,Thriller,USA,,115.0,TV-14,118.17
Shadow Hunter Returns,Movie,Thriller,UK,2020.0,94.0,R,319.57
Crimson Horizon II,TV Show,Drama,UK,2010.0,93.0,TV-14,8.2
Shadows of the Past Origins,Movie,Romance,USA,2021.0,129.0,PG-13,263.07
City of Dreams Reborn,TV Show,Documentary,USA,2018.0,157.0,TV-14,400.85
Shadows of the Past Origins,TV Show,Thriller,Germany,2005.0,61.0,PG-13,325.38
Cold Justice Origins,,Romance,Canada,2000.0,91.0,PG-13,
Golden Empire II,TV Show,Comedy,France,2019.0,,R,465.29
Mystic River III,Movie,Romance,France,2019.0,170.0,TV-14,264.78
Broken Wings Returns,Movie,Drama,Germany,2000.0,104.0,TV-MA,253.04
Second Chances Chapter 2,TV Show,,Germany,2004.0,94.0,R,206.93
Last Summer Reborn,Movie,Thriller,Germany,2004.0,,TV-14,79.67
Mystic River Reborn,TV Show,Documentary,France,2003.0,150.0,R,77.87
Bloodline Chapter 2,TV Show,,India,2020.0,175.0,TV-14,
Dark Secrets Reborn,Movie,Action,Canada,2009.0,62.0,R,86.57
Deadly Game Reborn,,Thriller,,2009.0,92.0,,425.89
Final Verdict III,Movie,Drama,USA,2007.0,141.0,R,118.82
Dark Secrets Origins,,Documentary,Germany,2014.0,164.0,R,163.13
Secret Heist Reborn,TV Show,Thriller,Germany,2012.0,150.0,PG,19.99
Fading Lights III,TV Show,Drama,France,2000.0,177.0,PG,279.18
Eternal Love Returns,Movie,Drama,India,2005.0,158.0,TV-MA,116.74
Love & Betrayal Chapter 2,Movie,Drama,France,2010.0,107.0,R,334.55
Last Summer III,TV Show,Romance,UK,2009.0,77.0,PG,174.49
Bloodline Returns,Movie,Drama,USA,2004.0,152.0,R,319.39
Deep Waters Reborn,Movie,Action,France,2012.0,86.0,TV-MA,243.41
Frozen Memories III,Movie,Thriller,Canada,2002.0,163.0,PG-13,465.96
Infinite Night Chapter 2,Movie,Action,France,2001.0,127.0,TV-14,110.51
Love & Betrayal Chapter 2,Movie,Romance,Germany,2004.0,70.0,PG-13,
Cold Justice Returns,TV Show,Comedy,India,2003.0,138.0,R,146.71
Infinite Night II,TV Show,Drama,Canada,2015.0,86.0,TV-MA,134.33
The Secret Island Chapter 2,TV Show,Romance,France,2021.0,62.0,TV-14,207.94
Rising Phoenix Returns,Movie,Drama,USA,2009.0,180.0,R,96.64
Midnight Escape Chapter 2,Movie,Drama,USA,2010.0,71.0,PG-13,
Infinite Night Returns,TV Show,Romance,USA,2012.0,76.0,PG-13,228.69
Broken Wings III,Movie,Thriller,Canada,2000.0,,TV-14,118.35
Beyond the Sea Chapter 2,TV Show,Romance,India,2007.0,173.0,TV-14,490.68
,TV Show,Action,France,2014.0,95.0,PG,41.45
,Movie,Drama,Germany,,116.0,PG-13,296.47
Echoes of Tomorrow Chapter 2,Movie,Drama,France,2015.0,152.0,TV-14,484.9
Fading Lights Origins,Movie,Romance,Canada,2010.0,70.0,R,348.06
Beyond the Sea Chapter 2,Movie,Action,UK,2011.0,129.0,TV-14,339.58
Bloodline Chapter 2,Movie,Romance,Canada,2001.0,160.0,PG,274.38
Hidden Truth III,TV Show,Documentary,Germany,2022.0,173.0,TV-MA,268.0
The Hidden Code Origins,TV Show,Drama,Canada,,149.0,TV-MA,190.97
Galaxy Wars Chapter 2,Movie,Documentary,India,2000.0,80.0,PG,208.41
Deep Waters II,TV Show,Action,,2002.0,114.0,,490.83
Rising Phoenix Chapter 2,TV Show,Documentary,Canada,2000.0,151.0,PG-13,448.06
Mystic River III,TV Show,Romance,UK,2002.0,132.0,PG-13,200.55
The Last Letter Returns,Movie,Documentary,,2013.0,111.0,TV-14,101.25
